{"cameraMode":{"drawMode":0,"name":"Shaded","section":"Shading Mode"},"sceneLighting":true,"audioPlay":false,"sceneViewState":{"m_AlwaysRefresh":false,"showFog":true,"showSkybox":true,"showFlares":true,"showImageEffects":true,"showParticleSystems":true,"showVisualEffectGraphs":true,"m_FxEnabled":true},"in2DMode":false,"pivot":{"x":0.03383612632751465,"y":2.747641086578369,"z":-0.0024707913398742677},"rotation":{"x":0.15865634381771089,"y":-0.248838871717453,"z":0.041355185210704806,"w":0.9545738101005554},"size":3.3166003227233888,"orthographic":false}