{"cameraMode":{"drawMode":0,"name":"Shaded","section":"Shading Mode"},"sceneLighting":true,"audioPlay":false,"sceneViewState":{"m_AlwaysRefresh":false,"showFog":true,"showSkybox":true,"showFlares":true,"showImageEffects":true,"showParticleSystems":true,"showVisualEffectGraphs":true,"m_FxEnabled":true},"in2DMode":false,"pivot":{"x":22.725013732910158,"y":1.6426821947097779,"z":-10.42845344543457},"rotation":{"x":0.024857359007000924,"y":0.48876234889030459,"z":-0.013933510519564152,"w":0.8719515204429627},"size":1.1094391345977784,"orthographic":false}