{"cameraMode":{"drawMode":0,"name":"Shaded","section":"Shading Mode"},"sceneLighting":true,"audioPlay":false,"sceneViewState":{"m_AlwaysRefresh":false,"showFog":true,"showSkybox":true,"showFlares":true,"showImageEffects":true,"showParticleSystems":true,"showVisualEffectGraphs":true,"m_FxEnabled":true},"in2DMode":false,"pivot":{"x":1.2888929843902588,"y":20.515886306762697,"z":0.7925257086753845},"rotation":{"x":-0.18321309983730317,"y":-0.7815275192260742,"z":0.5322636365890503,"w":-0.26900339126586916},"size":18.752573013305665,"orthographic":false}